English,Translation,Where
"LAUNCHING","","Main window"
"READY","","Main window"
"LAUNCH STOPPED","","Main window"
"Sandstorm Local, Server & Mod Manager","","Main window"
"Setup","","Main window"
"Saved setups: pick one to load it (map, scenario, bots, rules, mutators, Advanced)","","Main window"
"Not saved yet","","Main window"
"Save","","Main window"
"Save the setup: into the saved setup it came from, or under a new name","","Main window"
"The setup has changes that are not saved: save it into the saved setup it came from, or under a new name","","Main window"
"Save as new, rename, delete, or start a new setup","","Main window"
"Save as new...","","Main window"
"Undo changes (load it again)","","Main window"
"Rename...","","Main window"
"Delete this saved setup","","Main window"
"New setup (game defaults)","","Main window"
"Start the game now (your rules are written first), without loading a match yet","","Main window"
"Start game","","Main window"
"Close the game","","Main window"
"Close game","","Main window"
"How it works","","Main window"
"Minimize","","Main window"
"Maximize","","Main window"
"Close","","Main window"
"Update ready","","Main window"
"Play","","Main window"
"Map, squad, rules, mods and Advanced options of the match","","Main window"
"Server","","Main window"
"Run a dedicated server with your match, or control one on another PC","","Main window"
"Live","","Main window"
"Control the match that is running: rounds, rules, bots, cheats and console commands","","Main window"
"Settings","","Main window"
"Game folder, console key, launch options","","Main window"
"Copy the console command, if you ever want to paste it yourself","","Main window"
"Copy command","","Main window"
"Play on this PC or on the dedicated server","","Main window"
"Start and launch on this PC","","Main window"
"Start the dedicated server with this match","","Main window"
"Hands off the keyboard for a few seconds.","","Main window"
"Cancel","","Main window"
"Report this problem...","","Main window"
"Opens Settings with a cleaned report to check before anything is sent","","Main window"
"Try again","","Main window"
"Custom map","","Main window"
"Add a map by name","","Main window"
"For maps the launcher can't read. The mod page usually lists the level and scenario names.","","Main window"
"Name in the launcher","","Main window"
"e.g. Kandagal night raid","","Main window"
"Level","","Main window"
"e.g. Kandagal or /Kandagal/Maps/Kandagal","","Main window"
"Scenario","","Main window"
"e.g. Scenario_Kandagal_Checkpoint_Security","","Main window"
"Game mode (for bot and rule settings)","","Main window"
"Leave empty to guess it from the scenario name.","","Main window"
"Delete","","Main window"
"Co-op (PvE): play it solo or with AI teammates","","Play"
"Versus (PvP): offline you play it against bots","","Play"
"Map and scenario","","Play"
"Bots and enemies","","Play"
"Match rules","","Play"
"Live match control","","Play"
"Mods and mutators","","Play"
"Advanced options","","Play"
"Apply","","Play"
"In use","","Play"
"Play ·","","Play"
"Map","","Play"
"Teammates, enemies and AI difficulty, with presets","","Play"
"Squad","","Play"
"Every match setting of the selected game mode, with presets","","Play"
"Mutators for the match (official and from mods) and the mods the game has installed","","Play"
"Mods","","Play"
"Ruleset, extra Game.ini lines, commands after loading","","Play"
"Advanced","","Play"
"All","","Play"
"Official","","Play"
"Mod maps","","Play"
"Custom","","Play"
"Search maps","","Play"
"Pick a random map and scenario (same kind as the current one)","","Play"
"Random","","Play"
"Add a map by its level and scenario name","","Play"
"Reset mode","","Play"
"Put every setting of this game mode back to the game default","","Play"
"Search every setting","","Play"
"Changed settings","","Play"
"Edit this custom map","","Play"
"No maps yet. Make sure the game folder is set in Settings.","","Play"
"Side","","Play"
"Scenario ID","","Play"
"Day","","Play"
"Night","","Play"
"Hardcore","","Play"
"Hardcore Checkpoint: no HUD, more damage, limited respawns (Checkpoint scenarios only)","","Play"
"Player slots","","Play"
"MaxPlayers · raised automatically to fit AI teammates","","Play"
"Presets","","Play"
"defaults unless changed (gold).","","Play"
"AI teammates","","Play"
"Bots on your team. Read at game start (the launcher restarts it if needed).","","Play"
"Enemies when playing alone","","Play"
"Enemy bots alive at once when you are the only human player","","Play"
"Minimum enemies","","Play"
"Fewest enemy bots with a group of players","","Play"
"Maximum enemies","","Play"
"Most enemy bots with a full group of players","","Play"
"Fill teams with bots","","Play"
"bBots · teams are always even","","Play"
"Players per team","","Play"
"Size of each team. You take one slot on yours; bots fill the rest and the whole enemy team.","","Play"
"AI difficulty","","Play"
"How well bots aim, spot and react. 0.5 is the game default.","","Play"
"Recruit","","Play"
"Default 0.50","","Play"
"Nightmare","","Play"
"Versus: set after the map loads, as a console command the game runs as if you typed it (sent over RCON, nothing is typed).","","Play"
"Settings of the","","Play"
"mode. Gold = changed from the game default. Bots and enemies are on the Squad tab.","","Play"
"·  default","","Play"
"Back to the default","","Play"
"One click sets many rules. The next preset takes the last one's rules and mutators back out.","","Play"
"Styles","","Play"
"Playlists","","Play"
"The official online playlists: their mutators and rules, added to the map you picked","","Play"
"Search presets (name, mutator, mode)","","Play"
"No preset matches the search.","","Play"
"Reset every mode","","Play"
"Official ruleset at game start","","Play"
"Starts the game with -ruleset= like the official playlist. Needs a game start.","","Play"
"Extra Game.ini lines","","Play"
"Off","","Play"
"Add to Game.ini","","Play"
"Replace Game.ini","","Play"
"Replace keeps only the launcher's rules and these lines.","","Play"
"Insert the settings section of an active mutator:","","Play"
"Commands after the map loads","","Play"
"One console command per line, e.g.
SetRoundTimer 1800","","Play"
"Turn on cheats after loading (EnableCheats)","","Play"
"Travel URL","","Play"
"Extra options, e.g. ?RoundTime=900","","Play"
"Added to the end of the open command.","","Play"
"Game mode alias (?game=)","","Play"
"e.g. CheckpointHardcore","","Play"
"Load the map twice (for mods that only work after a second load)","","Play"
"What the launcher will do","","Play"
"Console command","","Play"
"Game.ini block (other lines in your Game.ini are kept)","","Play"
"After the map loads","","Play"
"Your match","","Play"
"Preset:","","Play"
"Map, mode, side, day or night","","Play"
"Bots","","Play"
"Teammates, enemies and difficulty","","Play"
"Rules","","Play"
"Every match setting, presets and playlists","","Play"
"Mutators","","Play"
"Pick mutators and their load order","","Play"
"Load the mutators","","Play"
"Turn off to play without mutators but keep your selection","","Play"
"Save setup","","Play"
"Keep everything (map, scenario, bots, rules, mutators, Advanced) as a saved setup. Pick it again in the bar at the top.","","Play"
"Reset...","","Play"
"Bots, enemies, every rule and the mutators back to the game defaults (map stays)","","Play"
"Control the match that is running","","Play > Live"
"Works once you are in a match.","","Play > Live"
"Live rule changes","","Play > Live"
"Set directly over RCON (nothing typed). Lasts until the map changes. Empty = keep the current value.","","Play > Live"
"The editable values appear here once a match is running.","","Play > Live"
"Restart the round so every change applies","","Play > Live"
"Read current values","","Play > Live"
"Apply now","","Play > Live"
"Count bots","","Play > Live"
"Console","","Play > Live"
"Any console command. The game runs it as if you typed it into its console, but it is sent over RCON, so nothing is typed and the game can stay in the background. Join several with |.","","Play > Live"
"Send","","Play > Live"
"e.g. SetRoundTimer 600","","Play > Live"
"Turn on cheats first (EnableCheats)","","Play > Live"
"found","","Play > Live"
"All game commands","","Play > Live"
"Click one to put it in the console box.","","Play > Live"
"Search commands","","Play > Live"
"Tick mutators to load them with the match.","","Play > Mods (mutators)"
"Search name, ID, mod or description","","Play > Mods (mutators)"
"Look for new or updated mods","","Play > Mods (mutators)"
"Rescan","","Play > Mods (mutators)"
"From mods","","Play > Mods (mutators)"
"Added by name","","Play > Mods (mutators)"
"Active","","Play > Mods (mutators)"
"Show base classes and helpers","","Play > Mods (mutators)"
"Parent classes other mutators build on. They do nothing alone.","","Play > Mods (mutators)"
"shown","","Play > Mods (mutators)"
"Use this mutator","","Play > Mods (mutators)"
"Base class","","Play > Mods (mutators)"
"The mod does not register this folder for mutators, so the game may not find it.","","Play > Mods (mutators)"
"Not registered","","Play > Mods (mutators)"
"Check","","Play > Mods (mutators)"
"Clear","","Play > Mods (mutators)"
"Active · load order","","Play > Mods (mutators)"
"Load earlier","","Play > Mods (mutators)"
"Load later","","Play > Mods (mutators)"
"Remove","","Play > Mods (mutators)"
"Tick mutators on the left. Order here = load order.","","Play > Mods (mutators)"
"Loaded top to bottom.","","Play > Mods (mutators)"
"From","","Play > Mods (mutators)"
"Mutator ID","","Play > Mods (mutators)"
"Copy","","Play > Mods (mutators)"
"Game.ini section for its settings","","Play > Mods (mutators)"
"Open mod folder","","Play > Mods (mutators)"
"Remove this entry","","Play > Mods (mutators)"
"Add by name","","Play > Mods (mutators)"
"Type a mutator ID the launcher can't see.","","Play > Mods (mutators)"
"Add","","Play > Mods (mutators)"
"MutatorID","","Play > Mods (mutators)"
"Mutators ·","","Play > Mods (installed)"
"Installed mods ·","","Play > Mods (installed)"
"Search mods","","Play > Mods (installed)"
"Read the mod folders again","","Play > Mods (installed)"
"Mod folder","","Play > Mods (installed)"
"Mods the game has downloaded. Subscribe in the game's mod menu.","","Play > Mods (installed)"
"State:","","Play > Mods (installed)"
"Use its mutators","","Play > Mods (installed)"
"Open folder","","Play > Mods (installed)"
"Mutators in this mod","","Play > Mods (installed)"
"base class","","Play > Mods (installed)"
"Scenarios (playable on the play page)","","Play > Mods (installed)"
"Files","","Play > Mods (installed)"
"No mods yet. Subscribe in the game, start it once, then Rescan.","","Play > Mods (installed)"
"Host your match for other players","","Server"
"Dedicated server","","Server"
"On this PC","","Server"
"On another PC (RCON)","","Server"
"Server folder","","Server"
"Change folder...","","Server"
"Find automatically","","Server"
"Install the free ""Insurgency: Sandstorm Dedicated Server"" from your Steam library (Tools), or with SteamCMD (app 581330), then press Find automatically.","","Server"
"Writes the server's settings and starts it with your match from Play","","Server"
"Start server","","Server"
"Stop","","Server"
"Restart with this match","","Server"
"Stops the server and starts it again with the match and settings on this page","","Server"
"Address of the other PC","","Server"
"e.g. 203.0.113.5 or myserver.example.com","","Server"
"RCON port","","Server"
"RCON password","","Server"
"Check connection","","Server"
"Over RCON you control the players, the chat, the map and the rules. Starting and stopping the server and its files need the server on this PC.","","Server"
"Server settings","","Server"
"Used the next time the server starts.","","Server"
"Name in the server browser","","Server"
"e.g. Friday night co-op","","Server"
"Max players","","Server"
"Join password (optional)","","Server"
"empty = anyone can join","","Server"
"Game port (UDP)","","Server"
"Query port (UDP)","","Server"
"Players on the internet need both ports open in your firewall and forwarded by your router.","","Server"
"Show the server's log window","","Server"
"The server's own window with its live log (-log).","","Server"
"Allow cheats","","Server"
"For testing: cheat commands work on this server, and players earn no XP (-EnableCheats).","","Server"
"Steam server token (GSLT, optional)","","Server"
"from steamcommunity.com/dev/managegameservers, app id 581320","","Server"
"Game stats","","Server"
"Players earn XP and stats here (needs the token and no join password).","","Server"
"Extra command-line options","","Server"
"added to the end of the server's command line","","Server"
"Remote control (RCON)","","Server"
"The launcher controls the server through its RCON, set up in the server's Game.ini with a random password. Other RCON tools work with the same port and password.","","Server"
"RCON port (TCP)","","Server"
"Copy password","","Server"
"New password","","Server"
"Allow RCON from other PCs","","Server"
"Off: only this PC can connect. On: every network card listens; your firewall must let the port through, and 5 wrong passwords lock an address out for 30 minutes.","","Server"
"Admins","","Server"
"Steam IDs (the 17-digit number starting with 7656119), one per line. Admins open the admin menu in the game (Keypad -) to kick, ban and change the map.","","Server"
"Load mods on the server","","Server"
"The server downloads them from mod.io when it starts (-Mods), then loads your match again; players get them when they join.","","Server"
"mod.io mod ids, one per line","","Server"
"e.g. 1457355","","Server"
"Add them","","Server"
"mod.io access token","","Server"
"The server needs your own mod.io token to download mods: on mod.io, your account > API access > OAuth 2 > create a token with read access. It is saved only in the server's Engine.ini.","","Server"
"Save to Engine.ini","","Server"
"paste the token here","","Server"
"Change it in Play","","Server"
"Match","","Server"
"The server starts with your match from Play: map, scenario, lighting, rules, bots and mutators.","","Server"
"scenarios","","Server"
"Map cycle","","Server"
"Use a map cycle","","Server"
"The server plays these one after another. Off: it goes through the game's versus scenarios.","","Server"
"File","","Server"
"Use another file...","","Server"
"Any MapCycle.txt; the server gets a copy in its Config\Server folder when it starts","","Server"
"Back to MapCycle.txt","","Server"
"Open in editor","","Server"
"Adds the scenario, lighting and mode picked in Play","","Server"
"Add the Play match","","Server"
"No scenarios yet. Set up a match in Play and press Add the Play match.","","Server"
"Day or night","","Server"
"Earlier","","Server"
"Later","","Server"
"Refresh","","Server"
"Players","","Server"
"Live control of the running server over RCON.","","Server"
"No players on the server (or it is not running).","","Server"
"Kick","","Server"
"Ban","","Server"
"Chat message to everyone","","Server"
"e.g. Map change in 2 minutes","","Server"
"Load the Play match now","","Server"
"Changes the running server to the match set up in Play","","Server"
"Restart round","","Server"
"Restart, swap teams","","Server"
"RCON command","","Server"
"e.g. listgamemodeproperties bBots","","Server"
"Command line","","Server"
"What the launcher runs. Copy it to start the server your own way, e.g. from a .bat file or a server host's panel (its files are written when you press Start here).","","Server"
"Game.ini folder","","Server"
"Admins and map cycle folder","","Server"
"Server logs","","Server"
"Game folder, game connection and launch options","","Settings"
"Insurgency: Sandstorm","","Settings"
"Game folder","","Settings"
"Open game folder","","Settings"
"Game files are never changed, only Game.ini and Input.ini (backed up).","","Settings"
"Game connection (RCON)","","Settings"
"The launcher loads maps, changes rules and sends console commands (cheats too) through the game's own remote console, on this PC only (127.0.0.1, random password). No keys are pressed and the game does not need to be in front.","","Settings"
"Type into the game console when RCON is not available","","Settings"
"Only for a game the launcher cannot reach over RCON, e.g. one started before the launcher set RCON up. Needs the game in front.","","Settings"
"Console key","","Settings"
"Only used when the game cannot be reached over RCON (see above). Nothing is typed unless the console is seen open.","","Settings"
"Console keys in the game:","","Settings"
"Add F10 as a console key automatically","","Settings"
"Works on every keyboard layout, unlike the ` key.","","Settings"
"Set up F10 now","","Settings"
"Check again","","Settings"
"Open Input.ini","","Settings"
"How to enter commands","","Settings"
"Paste (fast)","","Settings"
"Type","","Settings"
"Key delay ·","","Settings"
"ms","","Settings"
"Raise this if commands arrive cut off on a slow PC","","Settings"
"Game key bindings","","Settings"
"Never edited. Copies are kept, so you can put them back if they are lost.","","Settings"
"Dismiss","","Settings"
"Saved copies","","Settings"
"Restore","","Settings"
"No copies yet.","","Settings"
"Mod folders","","Settings"
"THE GAME'S MOD FOLDER","","Settings"
"Open","","Settings"
"Extra folders with .pak files","","Settings"
"None. Only needed for mods you installed by hand.","","Settings"
"Add folder...","","Settings"
"Rescan mods","","Settings"
"Rebuild catalog","","Settings"
"Re-read every map, mutator and mod from the game files (after a game update)","","Settings"
"Ctrl + / Ctrl - / Ctrl 0, or Ctrl + mouse wheel","","Settings"
"Text size","","Settings"
"Language","","Settings"
"Translations are made by players. To make one: save the translation file, fill in its Translation column (Excel, Google Sheets or LibreOffice; save it as CSV UTF-8), put it in the languages folder and press Reload to try it. Then send it in on GitHub or mod.io so everyone gets it.","","Settings"
"Save a translation file...","","Settings"
"Open the languages folder","","Settings"
"Reload","","Settings"
"Launching","","Settings"
"Start the game automatically","","Settings"
"When it is not running, the way chosen below","","Settings"
"Minimize the launcher after launching","","Settings"
"Gets out of your way once the match has loaded","","Settings"
"Apply rules again after the map loads","","Settings"
"Also sets them straight in the running match over RCON, no restart needed","","Settings"
"Mark matches as solo games (bSoloGame)","","Settings"
"Turn off to host friends over LAN","","Settings"
"When AI teammates need a game restart","","Settings"
"Ask me","","Settings"
"Restart","","Settings"
"Never","","Settings"
"Start the game with","","Settings"
"Steam or Epic","","Settings"
"The game's exe","","Settings"
"My own command","","Settings"
"e.g. ""D:\Games\start-sandstorm.bat"" {options}","","Settings"
"Extra game start options","","Settings"
"e.g. -nomovies","","Settings"
"Wait for the game up to ·","","Settings"
"s","","Settings"
"Files and tools","","Settings"
"Game.ini","","Settings"
"Config folder","","Settings"
"Game logs","","Settings"
"Backups","","Settings"
"Launcher data","","Settings"
"Launcher log","","Settings"
"Problem reports","","Settings"
"Tools","","Settings"
"Desktop shortcut","","Settings"
"Remove launcher rules from Game.ini","","Settings"
"Something went wrong?","","Settings"
"Send a report...","","Settings"
"Shows the report first. Nothing is sent until you press Send.","","Settings"
"Save report","","Settings"
"What happened? (optional)","","Settings"
"Save report keeps logs on this PC. Send a report shows a cleaned report first (no names, IDs or screenshots); nothing leaves your PC until you press Send.","","Settings"
"This is everything that would be sent","","Settings"
"Send goes to the developer's private report inbox, only this text, once. Cancel if anything looks private.","","Settings"
"Post it on GitHub instead","","Settings"
"Opens the public GitHub issue form (needs a GitHub account)","","Settings"
"Launcher data is stored in","","Settings"
"(an empty file named ""portable"" next to the exe keeps it there).","","Settings"
"About","","Settings"
"Open source for non-commercial use: fork it, change it and share it on GitHub, as long as nothing makes money from it. Not affiliated with New World Interactive or Focus Entertainment.","","Settings"
"Keep the launcher up to date","","Settings"
"Restart now","","Settings"
"Download","","Settings"
"Check now","","Settings"
"Source code","","Settings"
"Releases","","Settings"
"Report a problem","","Settings"
"Decrease","","Stepper"
"Type a number, use the mouse wheel, or the - and + buttons","","Stepper"
"Increase","","Stepper"
"The game window was not found.","","Console Bridge"
"The game is still showing its loading screen, so the console cannot open. Try again once it is gone.","","Console Bridge"
"The game did not recognise ""{0}"".","","Console Bridge"
"Keys pressed at the same moment may have mixed into the command.","","Console Bridge"
"Windows reports a keyboard {0} as held down, so nothing was typed (it would mix into the command). Let go of the keyboard and try again. If you are not pressing it, a key remapping tool, macro software or a controller mapped to keys may be holding it: tap that key once, or click Launch while the launcher window is in front.","","Console Bridge"
"Could not bring the game to the front. Click the game once and try again.","","Console Bridge"
"Could not see the game picture (it stayed empty), so no keys were sent. Click the game once and try again.","","Console Bridge"
"The game lost focus before the console could be opened, so no keys were sent.","","Console Bridge"
"The game's console did not open when {0} was pressed, so nothing was typed ({1}). If a menu, message or loading screen is showing in the game, close it and try again.","","Console Bridge"
"The console closed while the launcher was using it, so the command was not sent.","","Console Bridge"
"The console closed before the command could be sent.","","Console Bridge"
"The command could not be put on the console line, so it was not sent.","","Console Bridge"
"The command could not be put back on the console line, so it was not sent.","","Console Bridge"
"The game did not follow the console key presses right before Enter ({0}), so Enter was not pressed. The command may still be in the game's console: press Enter there.","","Console Bridge"
"The console line changed before Enter, so Enter was not pressed.","","Console Bridge"
"The game did not take the Enter key. The console line was cleared so nothing is left typed in it.","","Console Bridge"
"Allows cheat commands for this match.","","Exec Catalog"
"Restarts the round. 1 switches the teams.","","Exec Catalog"
"Adds a fixed block of time to the round clock.","","Exec Catalog"
"Sets the time left in the round, in seconds.","","Exec Catalog"
"1 keeps the round going forever, 0 turns it back off.","","Exec Catalog"
"Ends the match.","","Exec Catalog"
"Changes a game mode setting for this match.","","Exec Catalog"
"Prints the current value of a game mode setting.","","Exec Catalog"
"Switches to another scenario.","","Exec Catalog"
"Travels to a map with URL options.","","Exec Catalog"
"Respawns everybody.","","Exec Catalog"
"Kicks a player by id.","","Exec Catalog"
"Bot skill from 0 (easiest) to 1 (hardest).","","Exec Catalog"
"Changes the number of bots.","","Exec Catalog"
"Spawns a bot for a team.","","Exec Catalog"
"Removes all bots.","","Exec Catalog"
"Removes the enemy bots.","","Exec Catalog"
"Removes the bots on your team.","","Exec Catalog"
"Respawns the bots.","","Exec Catalog"
"Respawns every bot.","","Exec Catalog"
"Respawns the enemy bots.","","Exec Catalog"
"Respawns the bots on your team.","","Exec Catalog"
"Freezes or unfreezes all bots.","","Exec Catalog"
"Bots ignore all players.","","Exec Catalog"
"Bots ignore you.","","Exec Catalog"
"Changes bot morale.","","Exec Catalog"
"Captures the objective you are on.","","Exec Catalog"
"Captures the current objective.","","Exec Catalog"
"Captures an objective for a team.","","Exec Catalog"
"Starts a counter-attack now.","","Exec Catalog"
"Ends the running counter-attack.","","Exec Catalog"
"Jumps to the extraction finale.","","Exec Catalog"
"Teleports you to an objective.","","Exec Catalog"
"Kills everyone on a team.","","Exec Catalog"
"You can't be hurt. Run again to turn off.","","Exec Catalog"
"Nobody on your side can be hurt.","","Exec Catalog"
"Fly through walls.","","Exec Catalog"
"Fly with collision.","","Exec Catalog"
"Back to normal movement after Fly or Ghost.","","Exec Catalog"
"Refills ammo and gear.","","Exec Catalog"
"Gives ammo.","","Exec Catalog"
"Gives supply points.","","Exec Catalog"
"Gives supply points past the limit.","","Exec Catalog"
"Gives a weapon by class name.","","Exec Catalog"
"Gives an item by class name.","","Exec Catalog"
"Respawns you.","","Exec Catalog"
"Revives you.","","Exec Catalog"
"Kills you.","","Exec Catalog"
"Game speed. 1 is normal, 0.5 is half speed.","","Exec Catalog"
"Sets the field of view.","","Exec Catalog"
"Free camera. Run again to return.","","Exec Catalog"
"Hides or shows the HUD.","","Exec Catalog"
"Switches you to a team.","","Exec Catalog"
"Sends a chat message.","","Exec Catalog"
"Spawns an actor by class name.","","Exec Catalog"
"Teleports you to where you are looking.","","Exec Catalog"
"Mounts a .pak file.","","Exec Catalog"
"Pauses the game.","","Exec Catalog"
"Freezes everything except players.","","Exec Catalog"
"Calls in fire support by class name.","","Exec Catalog"
"Reading the game's maps, scenarios and mutators...","","Game Catalog"
"Game not running","","Game Monitor"
"Game starting...","","Game Monitor"
"At main menu · {0} mods mounted","","Game Monitor"
"At main menu","","Game Monitor"
"Loading a map...","","Game Monitor"
"In match","","Game Monitor"
"choosing class","","Game Monitor"
"pre-round","","Game Monitor"
"round active","","Game Monitor"
"round over","","Game Monitor"
"match over","","Game Monitor"
"the game did not accept the launcher's RCON password","","Game Rcon"
"the game is busy and did not answer yet","","Game Rcon"
"the game gave no answer to travel","","Game Rcon"
"no answer","","Game Rcon"
"the game kept {0}","","Game Rcon"
"Custom entry · {0}","","Items"
"Official map","","Items"
"Level {0}","","Items"
"CUSTOM","","Items"
"MOD","","Items"
"{0} co-op · {1} versus","","Items"
"No description in the mod files.","","Items"
"by {0}","","Items"
"Updated {0}","","Items"
"1 mutator","","Items"
"{0} mutators","","Items"
"1 scenario","","Items"
"{0} scenarios","","Items"
"Content pack","","Items"
"Not in this mode","","Items"
"On","","Items"
"{0} keys bound","","Key Bindings"
"That copy no longer exists.","","Key Bindings"
"Close the game first. It rewrites its key bindings while it runs.","","Key Bindings"
"Could not restore: {0}","","Key Bindings"
"No scenario selected","","Launch Plan"
"Pick a map and scenario first.","","Launch Plan"
"Game mode override: spaces and ? & = "" | ; were left out.","","Launch Plan"
"Not installed: {0}. Subscribe in the game's mod browser or remove them.","","Launch Plan"
"{0} is a base class used by other mutators; it usually does nothing on its own.","","Launch Plan"
"Players per team was 0 with bots on; 1 is used (you against one bot).","","Launch Plan"
"Minimum enemies ({0}) is above maximum enemies ({1}); the game then uses the maximum.","","Launch Plan"
"Extra URL options: spaces, quotes, | and ; were left out (they would break the open command).","","Launch Plan"
"Extra URL options: Scenario is set by the map picked, so it was left out.","","Launch Plan"
"Extra URL options: {0} replaces the launcher's value ({1}).","","Launch Plan"
"This scenario's game mode is not in the rules database, so rule changes are skipped.","","Launch Plan"
"Check mods, mutators and the scenario","","Launch Service"
"Write match rules to Game.ini","","Launch Service"
"Start Insurgency: Sandstorm","","Launch Service"
"Wait for the main menu and mods","","Launch Service"
"Send the match to the game","","Launch Service"
"Load the map","","Launch Service"
"Apply live settings","","Launch Service"
"the game is not running","","Launch Service"
"The launcher cannot reach the game over RCON ({0}). The game was probably started before the launcher set RCON up: close it and press Launch again (the launcher starts it with RCON), or allow typing into the game console in Settings.","","Launch Service"
"Nothing to launch.","","Launch Service"
"Insurgency: Sandstorm was not found. Set the game folder in Settings.","","Launch Service"
"{0} missing","","Launch Service"
"The game is running: the rules are sent after the map loads, and Game.ini is updated before the next start","","Launch Service"
"Restarting so the new AI teammate count applies","","Launch Service"
"The game is not running. Start Insurgency: Sandstorm, or turn on ""Start the game automatically"" in Settings.","","Launch Service"
"Starting the game's exe","","Launch Service"
"Starting the game with your own command","","Launch Service"
"Starting Steam, then the game","","Launch Service"
"Starting through {0}","","Launch Service"
"Waiting for the game to start ({0} s). If Steam shows a dialog, answer it.","","Launch Service"
"The game did not start. Check that the Epic Games Launcher is running and the game is installed.","","Launch Service"
"The game did not start. Check that Steam is running and the game is installed.","","Launch Service"
"Started in {0} s","","Launch Service"
"Already running","","Launch Service"
"The game closed while starting.","","Launch Service"
"Timed out waiting for the main menu. If a dialog or news popup is open in the game, close it and press Launch again.","","Launch Service"
"{0} mods mounted","","Launch Service"
"Waiting...","","Launch Service"
"In a match - it will switch maps","","Launch Service"
"Connecting to the game (RCON)","","Launch Service"
"RCON was not available ({0}), so the command was typed into the game console. Restart the game from the launcher to avoid that.","","Launch Service"
"RCON not available: typing into the console ({0})","","Launch Service"
"If the command is in the game's console, press Enter there; waiting a minute for it.","","Launch Service"
"The command could not be sent.","","Launch Service"
"The game did not start loading the map.","","Launch Service"
"Sent; the game has not confirmed it yet","","Launch Service"
"Loading (sent over RCON)","","Launch Service"
"Accepted by the game","","Launch Service"
"Loading {0}","","Launch Service"
"The map loaded, but the game did not switch from its menu into play, so it may keep you on the class screen. If you cannot move, close the game and press Launch again.","","Launch Service"
"Map loaded","","Launch Service"
"Force reload: loading again","","Launch Service"
"The reload was not sent: {0}","","Launch Service"
"The reload did not start: {0}","","Launch Service"
"Map loaded (reloaded)","","Launch Service"
"{0} setting(s)","","Launch Service"
"no confirmation from the game ({0})","","Launch Service"
"{0} setting(s) set","","Launch Service"
"settings not sent: {0}","","Launch Service"
"{0} setting(s) typed into the console","","Launch Service"
"settings not sent: RCON is not available and typing into the console is off","","Launch Service"
"Console commands over RCON: {0}","","Launch Service"
"{0} console command(s)","","Launch Service"
"the game did not confirm the AI difficulty {0}","","Launch Service"
"console commands: no answer from the game ({0})","","Launch Service"
"they may still arrive","","Launch Service"
"the game cannot be reached over RCON, and typing into its console is off in Settings: {0}","","Launch Service"
"the game cannot be reached over RCON, and it was not in front to type into its console: {0}","","Launch Service"
"Typing into the game console: {0}","","Launch Service"
"console: {0}","","Launch Service"
"After loading: {0}","","Launch Service"
"Rules were read from Game.ini at game start","","Launch Service"
"Nothing to apply","","Launch Service"
"You're in. Have a good fight.","","Launch Service"
"Launch cancelled.","","Launch Service"
"Unexpected error: {0}","","Launch Service"
"The game could not be reached over RCON: {0}","","Launch Service"
"The game closed.","","Launch Service"
"The game started travelling, but not to the map that was sent.","","Launch Service"
"The game did not start loading the map. If a message is open in the game, close it and press Launch again.","","Launch Service"
"The game did not take the map over RCON: {0}","","Launch Service"
"The game answered but has not started loading the map.","","Launch Service"
"The game closed while loading the map.","","Launch Service"
"The game could not load the map: {0}","","Launch Service"
"The game did not start loading the map. Look at the game window: if the console is still open with the command in it, press Enter there; otherwise press Launch again.","","Launch Service"
"The map did not finish loading. Check the game window for an error message.","","Launch Service"
"Game defaults","","Launch Service"
"1 change for {0}","","Launch Service"
"{0} changes for {1}","","Launch Service"
"Your start command could not run ({0}). Check it in Settings > Launching.","","Launch Service"
"The game did not close. Close it yourself and press Launch again.","","Launch Service"
"{0} reported a loading error on this game version, so it may not work (the mod probably needs an update).","","Launch Service"
"Starting up...","","Messages"
"Reading the game and your mods...","","Messages"
"Startup failed:","","Messages"
"Rescanning mods...","","Messages"
"Found {0} mods and {1} mutators","","Messages"
"Checking the game...","","Messages"
"Your game key bindings changed a lot. A copy from before is in Settings > Game key bindings.","","Messages"
"Game not found","","Messages"
"Insurgency: Sandstorm was not found automatically. Pick the game folder in Settings (the folder that contains ""Insurgency"" and ""Insurgency.exe"").","","Messages"
"OK","","Messages"
"Languages read again","","Language (messages)"
"from the languages folder","","Language (messages)"
"Translation by {0}.","","Language (messages)"
"{0} of {1} texts are translated; the rest stay in English.","","Language (messages)"
"Save the translation file","","Language (messages)"
"Translation table","","Language (messages)"
"Translation file saved. Fill in the Translation column, save it as CSV UTF-8, and press Reload.","","Language (messages)"
"The file could not be saved: {0}","","Language (messages)"
"Launch","","Launch (messages)"
"; No Game.ini changes. The game uses its default rules.","","Launch (messages)"
"Nothing. The match uses the rules above as loaded.","","Launch (messages)"
"No map selected","","Launch (messages)"
"Lone wolf vs {0} enemies · AI {1}","","Launch (messages)"
"You + {0} AI vs {1} enemies · AI {2}","","Launch (messages)"
"No bots · players only","","Launch (messages)"
"You vs {0} bots · AI {1}","","Launch (messages)"
"You vs 1 bot · AI {0}","","Launch (messages)"
"You + {0} AI vs {1} bots · AI {2}","","Launch (messages)"
"Versus · AI {0}","","Launch (messages)"
"Mutators off ({0} saved)","","Launch (messages)"
"No mutators","","Launch (messages)"
"{0}, {1} +{2} more","","Launch (messages)"
"Getting ready...","","Launch (messages)"
"Launching...","","Launch (messages)"
"Follow the steps in the window","","Launch (messages)"
"Start and launch","","Launch (messages)"
"Starts the game, then loads your match","","Launch (messages)"
"Start the game first, then press Launch","","Launch (messages)"
"Restarts the game so the AI teammate count applies","","Launch (messages)"
"Switches the running match to this setup","","Launch (messages)"
"Game is ready at the main menu","","Launch (messages)"
"Waits for the game to finish loading","","Launch (messages)"
"The launcher cannot reach the running game directly (RCON), probably because the game was started before the launcher set it up.","","Launch (messages)"
"Restarting the game once fixes that for good; after that, maps load without the launcher typing anything.","","Launch (messages)"
"Or type the command into the game console this time (the older way, needs the game in front).","","Launch (messages)"
"The game was started with a different number of AI teammates (or a different official ruleset). The game only reads that when it starts, so it has to restart once for this setup to be exact.

Everything else (enemies, difficulty, rules, mutators) works without a restart.","","Launch (messages)"
"Nothing to launch yet","","Launch (messages)"
"Pick a map and a scenario first.","","Launch (messages)"
"Set the Insurgency: Sandstorm folder in Settings first.","","Launch (messages)"
"Restart the game?","","Launch (messages)"
"Restart and launch","","Launch (messages)"
"Type into the console","","Launch (messages)"
"Launch without restart","","Launch (messages)"
"Close the game?","","Launch (messages)"
"Close Insurgency: Sandstorm now?","","Launch (messages)"
"Game closed","","Launch (messages)"
"Could not close the game","","Launch (messages)"
"Starting Insurgency: Sandstorm...","","Launch (messages)"
"Could not start the game","","Launch (messages)"
"CHEAT","","Live (messages)"
"ADMIN","","Live (messages)"
"Round","","Live (messages)"
"Starts the round again with the current settings.","","Live (messages)"
"Restart and switch sides","","Live (messages)"
"Restarts the round with the teams swapped.","","Live (messages)"
"5 minutes left","","Live (messages)"
"Sets the round clock to 5:00.","","Live (messages)"
"15 minutes left","","Live (messages)"
"Sets the round clock to 15:00.","","Live (messages)"
"30 minutes left","","Live (messages)"
"Sets the round clock to 30:00.","","Live (messages)"
"Add about 1 hour","","Live (messages)"
"The game's own round extension: adds roughly an hour to the clock.","","Live (messages)"
"Round never ends","","Live (messages)"
"The round keeps going when it would end.","","Live (messages)"
"Round can end again","","Live (messages)"
"Turns ""Round never ends"" off.","","Live (messages)"
"End the match","","Live (messages)"
"Ends the match immediately.","","Live (messages)"
"Objectives","","Live (messages)"
"Capture current objective","","Live (messages)"
"Captures the objective you are attacking.","","Live (messages)"
"Start a counter-attack","","Live (messages)"
"Co-op: triggers a counter-attack now.","","Live (messages)"
"Finish the counter-attack","","Live (messages)"
"Co-op: ends the running counter-attack.","","Live (messages)"
"Skip to extraction","","Live (messages)"
"Co-op with extraction: jumps to the final extraction.","","Live (messages)"
"Respawn all bots","","Live (messages)"
"Brings every bot back.","","Live (messages)"
"Respawn enemy bots","","Live (messages)"
"Brings enemy bots back.","","Live (messages)"
"Respawn AI teammates","","Live (messages)"
"Brings dead AI teammates back.","","Live (messages)"
"Remove all enemies","","Live (messages)"
"Removes every enemy bot.","","Live (messages)"
"Remove AI teammates","","Live (messages)"
"Freeze or unfreeze all AI","","Live (messages)"
"Stops every bot in place, press again to resume.","","Live (messages)"
"Bots ignore everyone","","Live (messages)"
"Co-op: bots stop attacking players. Press again to undo.","","Live (messages)"
"Bots ignore me","","Live (messages)"
"Enemies stop targeting you.","","Live (messages)"
"Your soldier","","Live (messages)"
"God mode","","Live (messages)"
"You can't take damage. Press again to turn off.","","Live (messages)"
"Refill ammo and gear","","Live (messages)"
"Instant resupply.","","Live (messages)"
"Give 10 supply points","","Live (messages)"
"Extra supply for your loadout.","","Live (messages)"
"Respawn me","","Live (messages)"
"Respawns your soldier.","","Live (messages)"
"Revive me","","Live (messages)"
"Gets you back up.","","Live (messages)"
"Fly through walls","","Live (messages)"
"Free movement through geometry. Press again to land.","","Live (messages)"
"Match & view","","Live (messages)"
"Respawn every player","","Live (messages)"
"Respawns all players on both teams.","","Live (messages)"
"Slow motion","","Live (messages)"
"Game runs at 40% speed.","","Live (messages)"
"Normal speed","","Live (messages)"
"Back to normal game speed.","","Live (messages)"
"Free camera","","Live (messages)"
"Detached camera for screenshots. Press again to return.","","Live (messages)"
"Hide or show HUD","","Live (messages)"
"Toggles the HUD for clean screenshots.","","Live (messages)"
"No answer from the game over RCON ({0}).","","Live (messages)"
"The command may still arrive.","","Live (messages)"
"Not sent: {0}","","Live (messages)"
"Sent: {0}","","Live (messages)"
"{0}: done","","Live (messages)"
"Not done: {0}","","Live (messages)"
"{0}: sent ({1})","","Live (messages)"
"{0}: sent","","Live (messages)"
"No answer from the game over RCON ({0}). The change may still arrive; press Read to check.","","Live (messages)"
"Read {0} live values from the match (RCON).","","Live (messages)"
"No values came back. Make sure the match has finished loading.","","Live (messages)"
"Read {0} live values from the match.","","Live (messages)"
"The launcher cannot reach the game over RCON (the game was probably started before the launcher set it up). Restart the game from the launcher, or allow typing into the game console in Settings.","","Live (messages)"
"Not a valid value: {0}","","Live (messages)"
"{0} live change(s) set over RCON","","Live (messages)"
"round restarted","","Live (messages)"
"Not taken:","","Live (messages)"
"{0} live change(s) set","","Live (messages)"
"Some changes were not taken","","Live (messages)"
"{0} live change(s) sent","","Live (messages)"
"The game does not answer console commands. If nothing happens, check the name in the list below.","","Live (messages)"
"No players came back. Make sure the match has finished loading.","","Live (messages)"
"No bots have joined yet. They join when the round starts (after you pick a class).","","Live (messages)"
"You + {0} AI vs {1} enemies","","Live (messages)"
"No answer from the game","","Live (messages)"
"The game cannot be reached over RCON","","Live (messages)"
"No bots yet: they join when the round starts","","Live (messages)"
"{0} added","","Mods (messages)"
"{0} mods installed · {1} mod mutators","","Mods (messages)"
"Pick which of the {0} mutators to use","","Mods (messages)"
"{0} added to your mutators","","Mods (messages)"
"This mod's folder is not on disk, so its parent folder was opened","","Mods (messages)"
"This mod has no mutators to add","","Mods (messages)"
"Official · co-op and versus playlists","","Mutators (messages)"
"Official · co-op playlists","","Mutators (messages)"
"Official · versus playlists","","Mutators (messages)"
"Official · other","","Mutators (messages)"
"not installed","","Mutators (messages)"
"Added {0}","","Mutators (messages)"
"Copied to the clipboard","","Mutators (messages)"
"A mutator ID has only letters, digits, _ . and - (no spaces)","","Mutators (messages)"
"Pick a map","","Play (messages)"
"Co-op","","Play (messages)"
"Versus","","Play (messages)"
"Training","","Play (messages)"
"FriendlyBotQuota · mode default {0}","","Play (messages)"
"SoloEnemies · mode default {0}","","Play (messages)"
"MinimumEnemies · default {0}","","Play (messages)"
"MaximumEnemies · default {0}","","Play (messages)"
"BotQuota · you vs {0} bots · mode default {1}","","Play (messages)"
"BotQuota · you vs 1 bot · mode default {0}","","Play (messages)"
"BotQuota · you + {0} AI vs {1} bots · mode default {2}","","Play (messages)"
"Regular","","Play (messages)"
"Normal","","Play (messages)"
"Veteran","","Play (messages)"
"Elite","","Play (messages)"
"Random mission: {0} · {1}","","Play (messages)"
"Working on the server...","","PlayTarget (messages)"
"Start the server","","PlayTarget (messages)"
"Changing the map...","","PlayTarget (messages)"
"Server starting...","","PlayTarget (messages)"
"Load on the server","","PlayTarget (messages)"
"Set up the server","","PlayTarget (messages)"
"Starts the dedicated server with this match, its own settings and map cycle","","PlayTarget (messages)"
"The server is loading the match","","PlayTarget (messages)"
"The server is loading its first map","","PlayTarget (messages)"
"Loads this match on the running server","","PlayTarget (messages)"
"Opens the Server page: set up the dedicated server there first","","PlayTarget (messages)"
"Set up the dedicated server on this page, then press the button again.","","PlayTarget (messages)"
"co-op modes","","Rules (messages)"
"versus modes","","Rules (messages)"
"Only in {0}. {1} has no such setting, so the game would ignore it.","","Rules (messages)"
"All settings","","Rules (messages)"
"Changed","","Rules (messages)"
"Rules · {0}","","Rules (messages)"
"For every co-op mode. Applying one replaces the bot values it is about; fine-tune them on the right.","","Rules (messages)"
"For every versus mode. Applying one replaces the bot values it is about; fine-tune them on the right.","","Rules (messages)"
"1 preset","","Rules (messages)"
"{0} presets","","Rules (messages)"
"{0} of {1} presets","","Rules (messages)"
"Reset {0}","","Rules (messages)"
"Put every {0} setting back to the game default?","","Rules (messages)"
"Game default rules","","Rules (messages)"
"1 rule change","","Rules (messages)"
"{0} rule changes","","Rules (messages)"
"Reset","","Rules (messages)"
"Reset the setup","","Rules (messages)"
"Put bots and enemies, every rule and the mutators back to the game defaults? The map and scenario stay.","","Rules (messages)"
"Setup reset to the game defaults","","Rules (messages)"
"Reset all rules","","Rules (messages)"
"Put every setting in every mode (bots and enemies too) back to the game defaults? Map and mutators stay.","","Rules (messages)"
"Reset all","","Rules (messages)"
"That section is already in the editor","","Rules (messages)"
"Not running","","Server (messages)"
"Not found","","Server (messages)"
"Build {0}","","Server (messages)"
"every network card","","Server (messages)"
"Enter the other PC's address","","Server (messages)"
"Connected to {0}","","Server (messages)"
"Not connected","","Server (messages)"
"Server not found","","Server (messages)"
"Running","","Server (messages)"
"port {0}","","Server (messages)"
"1 player","","Server (messages)"
"{0} players","","Server (messages)"
"Starting...","","Server (messages)"
"Enter a number from {0} to {1}","","Server (messages)"
"A mod.io token is saved in the server's Engine.ini.","","Server (messages)"
"No mod.io token yet: the server cannot download mods without one.","","Server (messages)"
"Pick a map and scenario in Play first.","","Server (messages)"
"No match set up in Play yet","","Server (messages)"
"This match uses mods {0}.","","Server (messages)"
"Server running: {0}","","Server (messages)"
"Stopping the server","","Server (messages)"
"Could not copy: {0}","","Server (messages)"
"not installed here","","Server (messages)"
"kept as written","","Server (messages)"
"Kept as written","","Server (messages)"
"The map cycle could not be saved: {0}","","Server (messages)"
"Added to the map cycle: {0}","","Server (messages)"
"Map cycle file (pick one, or type a new name)","","Server (messages)"
"Map cycle (*.txt)|*.txt|All files (*.*)|*.*","","Server (messages)"
"{0} mod id(s) added","","Server (messages)"
"The token could not be saved: {0}","","Server (messages)"
"No answer from the server over RCON: {0}","","Server (messages)"
"No players on the server.","","Server (messages)"
"1 player on the server.","","Server (messages)"
"{0} players on the server.","","Server (messages)"
"Kick {0}","","Server (messages)"
"Kicked {0}","","Server (messages)"
"Ban {0}","","Server (messages)"
"Banned {0}","","Server (messages)"
"Sent to the chat: {0}","","Server (messages)"
"Loading {0} on the server.","","Server (messages)"
"Sent; the server is busy loading.","","Server (messages)"
"Not loaded: {0}","","Server (messages)"
"Round restarted with teams swapped.","","Server (messages)"
"Round restarted.","","Server (messages)"
"(no answer)","","Server (messages)"
"Connected over RCON ({0}).","","Server (messages)"
"Not connected: {0}.","","Server (messages)"
"The server cannot start","","Server (messages)"
"The server did not start","","Server (messages)"
"The server did not close","","Server (messages)"
"It did not answer the request to close. Close it by force? Players on it are dropped at once.","","Server (messages)"
"Close by force","","Server (messages)"
"Leave it running","","Server (messages)"
"Server stopped","","Server (messages)"
"That is not the server folder","","Server (messages)"
"Pick the folder with InsurgencyServer.exe in it, usually ...\steamapps\common\sandstorm_server.","","Server (messages)"
"New RCON password","","Server (messages)"
"Programs and people that use the old password lose access. The server takes the new one when it starts next.","","Server (messages)"
"Make a new one","","Server (messages)"
"New password saved: restart the server to use it","","Server (messages)"
"New RCON password saved","","Server (messages)"
"The list already has this match's mods","","Server (messages)"
"Token saved in the server's Engine.ini","","Server (messages)"
"No answer from the server","","Server (messages)"
"Reason (shown to the player, optional):","","Server (messages)"
"The player is removed and cannot join again for the time you pick.","","Server (messages)"
"Ban for a day","","Server (messages)"
"Ban for good","","Server (messages)"
"Loading the match on the server","","Server (messages)"
"The server did not take the match","","Server (messages)"
"Looking for the game...","","Settings (messages)"
"1. PLAY > Map: pick a map and scenario, day or night. The right column (Your match) always shows the whole setup; click a line to change it.","","Settings (messages)"
"2. PLAY > Squad: presets and the values for your teammates, the enemies and the AI difficulty. A squad preset only changes the bot values.","","Settings (messages)"
"3. PLAY > Rules: every other match setting of that mode (changed values turn gold), with presets: Styles, the Official rulesets and the official Playlists. A preset takes the previous one's rules and mutators back out before it puts in its own; what you changed by hand stays.","","Settings (messages)"
"4. PLAY > Mods: tick the mutators you want, in load order. Installed mods lists the mods on your PC. PLAY > Advanced shows exactly what will be sent to the game.","","Settings (messages)"
"5. The Setup bar at the top keeps your match: Save keeps everything (map, scenario, bots, rules, mutators, Advanced) as a saved setup, and picking a saved setup loads it back.","","Settings (messages)"
"6. Press the big button (or F5). ""Start and launch"" writes your rules to Game.ini, starts the game if needed, waits for the main menu and loads the match through the game's own remote console (RCON, on this PC only); no keys are pressed. The arrow next to it switches to ""Start the server"": the same match on your dedicated server (set it up on the Server page).","","Settings (messages)"
"7. LIVE works during a match: restart rounds, change rules, cheat buttons (clock, bots, god mode) and any console command, all over RCON.","","Settings (messages)"
"Something wrong? Settings > Something went wrong? You see the whole report first; Send delivers it, or save it on this PC.","","Settings (messages)"
"Pick the Insurgency: Sandstorm folder (it contains ""Insurgency"" and ""Insurgency.exe"")","","Settings (messages)"
"Reading the game...","","Settings (messages)"
"Found {0} mutators and {1} maps","","Settings (messages)"
"The game was not found","","Settings (messages)"
"Rebuilding the catalog from the game files...","","Settings (messages)"
"Pick a folder with extra mod .pak files","","Settings (messages)"
"Text size {0}","","Settings (messages)"
"Runs the game's own exe, without Steam or Epic starting it. Steam still has to be running for online features.","","Settings (messages)"
"Type the command. Until then the game starts through Steam or Epic.","","Settings (messages)"
"Runs your command (a program, script or shortcut). The launcher's start options go where you write {0}, else at the end.","","Settings (messages)"
"The usual way: Steam or Epic starts the game.","","Settings (messages)"
"Checking...","","Settings (messages)"
"The game is not running. It opens its RCON connection when it starts (set up in Game.ini), however you start it.","","Settings (messages)"
"The game is not running. RCON is set up the next time the launcher starts the game.","","Settings (messages)"
"Checking the connection...","","Settings (messages)"
"Connected. Maps, rules and console commands (cheats too) go straight to the game; nothing is typed and the game can stay in the background.","","Settings (messages)"
"The game does not answer on RCON ({0}). It was probably started before the launcher set it up: close it and launch from here once.","","Settings (messages)"
"Ready. The launcher opens the console with {0}, which works on every keyboard layout.","","Settings (messages)"
"Ready with ` for now. {0} takes over after the game restarts, so any keyboard layout works.","","Settings (messages)"
"{0} is set up but only works after the game restarts. Until then switch the keyboard to English (Win+Space), or close the game and launch from here.","","Settings (messages)"
"Ready with ` ({0} keyboard).","","Settings (messages)"
"F10 is added the next time the game is closed, so other keyboard layouts work too.","","Settings (messages)"
"Turn on the switch below so other keyboard layouts work too.","","Settings (messages)"
"The {0} keyboard layout has no ` key, which the game uses for its console.","","Settings (messages)"
"Close the game and launch from here: the launcher adds F10 first, which works on every layout. Or switch the keyboard to English (Win+Space).","","Settings (messages)"
"Turn on the switch below, or switch the keyboard to English (Win+Space).","","Settings (messages)"
"Could not read Input.ini: {0}","","Settings (messages)"
"{0} is set up as a console key","","Settings (messages)"
"Could not add a console key. See the launcher log.","","Settings (messages)"
"Put back your game key bindings from {0}? The current ones are copied first, so this can be undone.","","Settings (messages)"
"Report saved: {0}","","Settings (messages)"
"Launch failed: {0}","","Settings (messages)"
"Report sent (id {0}). Thank you!","","Settings (messages)"
"The report could not be sent ({0}). It is saved on this PC; you can also post it on GitHub.","","Settings (messages)"
"Launcher for Insurgency: Sandstorm","","Settings (messages)"
"Could not create the shortcut: {0}","","Settings (messages)"
"Custom map ""{0}"" saved","","Settings (messages)"
"Delete the custom map entry ""{0}""?","","Settings (messages)"
"That is not the game folder","","Settings (messages)"
"Pick the folder that contains the ""Insurgency"" folder, usually ...\steamapps\common\sandstorm.","","Settings (messages)"
"Ready","","Settings (messages)"
"Connected to the game","","Settings (messages)"
"Bad","","Settings (messages)"
"The game does not answer on RCON","","Settings (messages)"
"The game is not running","","Settings (messages)"
"F10 is added as soon as the game is closed","","Settings (messages)"
"Close the game first","","Settings (messages)"
"The game rewrites its key bindings while it runs, so close it and then restore.","","Settings (messages)"
"Restore key bindings?","","Settings (messages)"
"Could not restore","","Settings (messages)"
"Key bindings restored. They apply the next time the game starts.","","Settings (messages)"
"Saving a problem report...","","Settings (messages)"
"Could not save the report. See the launcher log.","","Settings (messages)"
"Sending reports directly is not set up yet, so the GitHub form opens instead.","","Settings (messages)"
"Your browser shows the filled-in form. The full report is on the clipboard: paste it into ""Full report"", then press Submit.","","Settings (messages)"
"Desktop shortcut created","","Settings (messages)"
"The game rewrites Game.ini while it runs, so close it and then remove the rules.","","Settings (messages)"
"Remove launcher rules?","","Settings (messages)"
"Remove every match rule from Game.ini? Other lines are kept, and a backup is made first. The game uses its default rules from the next start.","","Settings (messages)"
"Game.ini has no launcher rules","","Settings (messages)"
"Launcher rules removed from Game.ini","","Settings (messages)"
"Could not update Game.ini","","Settings (messages)"
"Delete custom map","","Settings (messages)"
"Not saved","","Setups (messages)"
"""{0}"" has changes that are not saved. Load the other one anyway (the changes are lost)?","","Setups (messages)"
"Load ""{0}"" again as it was saved? The changes since are lost.","","Setups (messages)"
"Saved ""{0}""","","Setups (messages)"
"A setup called ""{0}"" already exists. Replace it?","","Setups (messages)"
"Setup saved as ""{0}""","","Setups (messages)"
"A setup called ""{0}"" already exists.","","Setups (messages)"
"Delete the saved setup ""{0}""? The setup on screen stays as it is.","","Setups (messages)"
"Load another setup?","","Setups (messages)"
"The setup on screen was never saved. Load the other one anyway (the one on screen is replaced)?","","Setups (messages)"
"Load","","Setups (messages)"
"Save first","","Setups (messages)"
"Undo changes","","Setups (messages)"
"Keeps everything: map, scenario, day or night, bots and enemies, every rule, the mutators and the Advanced options. Name:","","Setups (messages)"
"Replace setup?","","Setups (messages)"
"Replace","","Setups (messages)"
"Rename setup","","Setups (messages)"
"New name:","","Setups (messages)"
"Rename","","Setups (messages)"
"Delete setup","","Setups (messages)"
"New setup","","Setups (messages)"
"Start a new setup from the game defaults? The setup on screen is replaced (the map and scenario stay).","","Setups (messages)"
"v{0} is installed and starts the next time you open the launcher. Click to restart now.","","Update (messages)"
"Looks for a new release every 3 minutes (a tiny request) and puts it in place for the next start. The launcher's only network access.","","Update (messages)"
"Built from source: new releases are only reported. The launcher's only network access.","","Update (messages)"
"Last checked {0}.","","Update (messages)"
"Checking for updates...","","Update (messages)"
"Up to date (v{0}). Checked {1}.","","Update (messages)"
"{0} is available.","","Update (messages)"
"{0} is installed and starts the next time you open the launcher.","","Update (messages)"
"Launcher updated to {0}. It is used from the next start.","","Update (messages)"
"{0} is available but could not be installed here ({1}).","","Update (messages)"
"Could not check for updates: {0}","","Update (messages)"
"Local folder","","Mod Scanner"
"Not registered by the game yet","","Mod Scanner"
"Scanning mods ({0}/{1}): {2}","","Mod Scanner"
"Install pending","","Mod Scanner"
"Update pending","","Mod Scanner"
"Uninstall pending","","Mod Scanner"
"Legacy mod folder","","Mod Scanner"
"Not in a folder the mod registers for mutators, so the game cannot load it by name.","","Mod Scanner"
"Detected from the file name only; check the mod page for the exact mutator name.","","Mod Scanner"
"The dedicated server was not found. Set its folder on this page.","","Server Plan"
"The join password can only use letters, digits and - _ . ! @ # $ % ^ * + ~ (no spaces).","","Server Plan"
"The game port and the query port must be numbers from 1 to 65535.","","Server Plan"
"The game port and the query port must be different.","","Server Plan"
"The server name is cut to 63 characters (the server browser shows no more).","","Server Plan"
"The map cycle file was not found.","","Server Plan"
"The map cycle file was not found: {0}","","Server Plan"
"The map cycle has no scenarios, so the server cycles through the game's versus scenarios.","","Server Plan"
"Not a Steam ID (the 17-digit number starting with 7656119), left out of the admins: {0}","","Server Plan"
"Not a mod.io mod id (a number), left out of the mods: {0}","","Server Plan"
"Mods are on but no mod ids are listed.","","Server Plan"
"The map comes from a mod ({0}): turn on mods for the server.","","Server Plan"
"This match uses mods ({0}). Turn on mods for the server, or players and the server will not have them.","","Server Plan"
"The Steam server token can only have letters and digits.","","Server Plan"
"Game stats need a Steam server token (GSLT).","","Server Plan"
"Game stats only work on servers without a join password.","","Server Plan"
"The RCON port is the same as a game port; pick another one.","","Server Plan"
"The game port {0} is used by another program (another server?). Pick another one.","","Server Service"
"The query port {0} is used by another program (another server?). Pick another one.","","Server Service"
"The RCON port {0} is used by another program. Pick another one.","","Server Service"
"The server is already running. Stop it first, or use Restart.","","Server Service"
"Writing the server's settings","","Server Service"
"The server's files could not be written: {0}","","Server Service"
"Starting the server","","Server Service"
"The server did not start: {0}","","Server Service"
"The server closed while starting. Its log is in {0}.","","Server Service"
"Loading {0} ({1} s)","","Server Service"
"The server did not finish starting in {0} s. Look at its log window.","","Server Service"
"{0} (changed)","","Setup Engine"
"{0} applied to co-op bots and enemies","","Setup Engine"
"{0} applied to versus bots and enemies","","Setup Engine"
"{0} applied","","Setup Engine"
"{0} applied with no mutators","","Setup Engine"
"{0} applied with 1 mutator","","Setup Engine"
"{0} applied with {1} mutators","","Setup Engine"
"Hardcore on","","Setup Engine"
"Hardcore off: this playlist is played as normal Checkpoint","","Setup Engine"
"Made for {0}: pick one of those on the Map tab for the full effect","","Setup Engine"
"Not installed: {0}","","Setup Engine"
"{0} loaded","","Setup Engine"
"Lone Wolf","","Setup Engine"
"Just you against the insurgency, default enemy numbers.","","Setup Engine"
"Lone Wolf: Hardened","","Setup Engine"
"No teammates, more and sharper enemies.","","Setup Engine"
"Fireteam","","Setup Engine"
"You plus two AI riflemen against a slightly larger force.","","Setup Engine"
"Squad Leader","","Setup Engine"
"Lead six AI teammates into heavier resistance.","","Setup Engine"
"Full Platoon","","Setup Engine"
"Ten teammates, big enemy waves, a war-sized fight.","","Setup Engine"
"Relaxed","","Setup Engine"
"Fewer, slower-reacting enemies. Good for learning maps.","","Setup Engine"
"Mode defaults","","Setup Engine"
"Bots and enemies as the game mode has them.","","Setup Engine"
"Duel: 1 v 1","","Setup Engine"
"You against a single bot.","","Setup Engine"
"Small teams: 5 v 5","","Setup Engine"
"You and four AI against five bots.","","Setup Engine"
"Battle: 10 v 10","","Setup Engine"
"You and nine AI against ten bots.","","Setup Engine"
"Big battle: 16 v 16","","Setup Engine"
"Full teams: you and fifteen AI against sixteen bots.","","Setup Engine"
"Relaxed bots","","Setup Engine"
"Slower, less accurate bots (team size stays).","","Setup Engine"
"Elite bots","","Setup Engine"
"Fast, accurate bots (team size stays).","","Setup Engine"
"Bot teams and difficulty back to normal: versus is still played against bots.","","Setup Engine"
"Every match rule back to the game's own values (bots and mutators stay).","","Setup Engine"
"Realism","","Setup Engine"
"No death camera, no floating markers, no kill feed, full friendly fire damage.","","Setup Engine"
"Sandbox","","Setup Engine"
"Practice without pressure: rounds never end, huge supply, long clock.","","Setup Engine"
"Quick rounds","","Setup Engine"
"Five-minute rounds and a short wait before each one.","","Setup Engine"
"Long rounds","","Setup Engine"
"Thirty-minute rounds for slow, careful play.","","Setup Engine"
"rules only","","Setup Engine"
"Mutators: {0}.","","Setup Engine"
"Made for {0}.","","Setup Engine"
"Night.","","Setup Engine"
"Not in the current game: {0}.","","Setup Engine"
"night","","Setup Engine"
"hardcore","","Setup Engine"
"1 rule","","Setup Engine"
"{0} rules","","Setup Engine"
"Checkpoint","","Game modes"
"Hardcore Checkpoint","","Game modes"
"Outpost","","Game modes"
"Survival","","Game modes"
"Push","","Game modes"
"Firefight","","Game modes"
"Frontline","","Game modes"
"Domination","","Game modes"
"Ambush","","Game modes"
"Defusal","","Game modes"
"Team Deathmatch","","Game modes"
"Free For All","","Game modes"
"Skirmish","","Game modes"
"Bots & AI","","Match rules"
"Skill of every bot: aim, reaction time and awareness. 0 is easiest, 1 is hardest.","","Match rules"
"Friendly bots that join your team. 0 plays Lone Wolf.","","Match rules"
"Versus modes: add bots so both teams are populated.","","Match rules"
"Bot count (versus)","","Match rules"
"Versus modes: how many bots fill the match.","","Match rules"
"Bots use player loadouts","","Match rules"
"Friendly bots pick loadouts like human players instead of bot kits.","","Match rules"
"Bot wander radius","","Match rules"
"How far idle bots roam from their post (cm).","","Match rules"
"Bot territory radius","","Match rules"
"Area bots defend around their objective (cm).","","Match rules"
"Bot ambush radius","","Match rules"
"Distance at which bots set up ambushes (cm).","","Match rules"
"Bot ambush ratio","","Match rules"
"Share of bots that lie in ambush instead of patrolling.","","Match rules"
"Ambush ratio at few losses","","Match rules"
"Checkpoint: ambushing share while the enemy has lost few soldiers.","","Match rules"
"Ambush ratio at heavy losses","","Match rules"
"Checkpoint: ambushing share once the enemy has lost many soldiers.","","Match rules"
"Enemy forces","","Match rules"
"Enemies when playing solo","","Match rules"
"Enemy count per wave when you are the only human player.","","Match rules"
"Enemy count at the lowest player count.","","Match rules"
"Enemy count once enough players have joined.","","Match rules"
"Players to reach maximum","","Match rules"
"Human players needed before the maximum enemy count is used.","","Match rules"
"Enemy respawns per objective (min)","","Match rules"
"Multiplier on enemy reinforcements for early objectives.","","Match rules"
"Enemy respawns per objective (max)","","Match rules"
"Multiplier on enemy reinforcements for late objectives.","","Match rules"
"Final cache enemy multiplier","","Match rules"
"Extra enemies defending the last weapons cache.","","Match rules"
"Force solo wave rules","","Match rules"
"Use the solo reinforcement wave rules even with several players.","","Match rules"
"Solo waves enabled","","Match rules"
"This mode uses separate reinforcement waves for solo play.","","Match rules"
"Tickets & waves","","Match rules"
"Solo reinforcement waves","","Match rules"
"Respawn waves you get when playing solo (your tickets).","","Match rules"
"Waves gained per capture (solo)","","Match rules"
"Extra solo waves awarded for each captured objective.","","Match rules"
"Solo reinforcement time","","Match rules"
"Seconds before a solo reinforcement wave arrives.","","Match rules"
"Rounds & time","","Match rules"
"Solo round time","","Match rules"
"Round length in seconds when playing solo.","","Match rules"
"Lose when all players are dead","","Match rules"
"Co-op: the round is lost once every human is down with no waves left.","","Match rules"
"Round time","","Match rules"
"Seconds per round.","","Match rules"
"Round limit","","Match rules"
"Rounds played per match (-1 for no limit).","","Match rules"
"Rounds to win","","Match rules"
"Round wins (or points) needed to win the match.","","Match rules"
"Pre-round time","","Match rules"
"Freeze time before each round starts (seconds).","","Match rules"
"Post-round time","","Match rules"
"Pause after a round ends (seconds).","","Match rules"
"Post-match time","","Match rules"
"Scoreboard time after the match ends (seconds).","","Match rules"
"Match time limit","","Match rules"
"Minutes for the whole match (-1 for none).","","Match rules"
"Overtime length","","Match rules"
"Seconds of overtime when an objective is contested at the buzzer.","","Match rules"
"Extra overtime rounds","","Match rules"
"Play extra rounds when the match is tied.","","Match rules"
"Overtime rounds","","Match rules"
"Extra rounds played in overtime.","","Match rules"
"Overtime wins needed","","Match rules"
"Wins needed to take the overtime.","","Match rules"
"Switch sides every N rounds","","Match rules"
"Teams swap sides after this many rounds (0 never).","","Match rules"
"Side switch delay","","Match rules"
"Seconds given when teams swap sides.","","Match rules"
"Replay drawn rounds","","Match rules"
"Replay a round that ends in a draw.","","Match rules"
"Win announcement time","","Match rules"
"Seconds the round result stays on screen.","","Match rules"
"Time added per capture","","Match rules"
"Seconds added to the round clock when an objective falls.","","Match rules"
"Match start countdown","","Match rules"
"Seconds before the first round begins.","","Match rules"
"Elimination rules","","Match rules"
"A team loses the round when it is wiped out.","","Match rules"
"Last person standing check","","Match rules"
"Detect when only one player remains alive.","","Match rules"
"Never end rounds","","Match rules"
"Rounds keep going even after a win condition (sandbox).","","Match rules"
"Capture time","","Match rules"
"Seconds for one player to capture an objective.","","Match rules"
"Capture reset time","","Match rules"
"Seconds before an abandoned capture resets (-1 never).","","Match rules"
"Extra capture speed per player","","Match rules"
"Capture speed added by each extra player on the point.","","Match rules"
"Players that speed capture","","Match rules"
"Most players that add capture speed.","","Match rules"
"Radio capture bonus","","Match rules"
"Extra capture speed from a nearby radio operator.","","Match rules"
"HUD & spectating","","Match rules"
"Objective markers","","Match rules"
"Which objective markers float on screen.","","Match rules"
"Restricted areas","","Match rules"
"Out-of-bounds zones damage players who stay inside.","","Match rules"
"Show restricted areas to both teams","","Match rules"
"Both teams see the out-of-bounds zones.","","Match rules"
"Open map when out of waves","","Match rules"
"Remove restricted zones when a team runs out of waves.","","Match rules"
"Explosive plant time","","Match rules"
"Seconds to plant charges on a cache.","","Match rules"
"Extraction hold time","","Match rules"
"Survival: seconds to hold the extraction zone.","","Match rules"
"Extraction finale","","Match rules"
"Survival ends with an extraction objective.","","Match rules"
"Objective defend distance","","Match rules"
"Radius bots defend around the objective (cm).","","Match rules"
"Contested objectives","","Match rules"
"Outpost: objectives can be contested.","","Match rules"
"Near-win warning","","Match rules"
"Score gap that triggers the near-win announcement.","","Match rules"
"Kills score points","","Match rules"
"Kills count toward the team score.","","Match rules"
"Points-based scoring","","Match rules"
"Winner is decided by points instead of rounds.","","Match rules"
"Defense & counter-attacks","","Match rules"
"Counter-attack length","","Match rules"
"Seconds you must hold after a capture.","","Match rules"
"Final counter-attack length","","Match rules"
"Seconds you must hold after the last capture.","","Match rules"
"Final wave defend time","","Match rules"
"Outpost: seconds to survive the final wave.","","Match rules"
"Retreat timer","","Match rules"
"Seconds attackers have to fall back after a counter-attack.","","Match rules"
"Post-capture rush","","Match rules"
"Seconds before enemies rush a freshly captured objective.","","Match rules"
"Reinforced counter-attacks","","Match rules"
"Enemies keep sending reinforcements during counter-attacks.","","Match rules"
"Counter-attack respawn rate","","Match rules"
"Fraction of enemies that respawn during counter-attacks.","","Match rules"
"Counter-attack respawn delay","","Match rules"
"Seconds between enemy respawns during counter-attacks.","","Match rules"
"Alarm duration","","Match rules"
"Seconds the enemy alarm plays when a cache is attacked.","","Match rules"
"Preparation time","","Match rules"
"Outpost: seconds to prepare between waves.","","Match rules"
"First preparation time","","Match rules"
"Outpost: seconds to prepare before the first wave.","","Match rules"
"Retreat when wiped out","","Match rules"
"Outpost: fall back to the next position when eliminated.","","Match rules"
"Elimination retreat delay","","Match rules"
"Outpost: seconds before retreating after elimination.","","Match rules"
"Respawn on retreat","","Match rules"
"Outpost: everyone respawns when the team retreats.","","Match rules"
"Retreat on final wave","","Match rules"
"Outpost: allow retreating during the final wave.","","Match rules"
"Reset waves on retreat","","Match rules"
"Outpost: wave counter restarts after a retreat.","","Match rules"
"Lose a wave on retreat","","Match rules"
"Outpost: retreating costs one wave.","","Match rules"
"Attacker waves per objective","","Match rules"
"Push: reinforcement waves the attackers get for each objective.","","Match rules"
"Attacker wave trigger","","Match rules"
"Push: share of attackers that must be dead before a wave can be called.","","Match rules"
"Attacker wave timer","","Match rules"
"Push: seconds between attacker waves.","","Match rules"
"Defender waves per objective","","Match rules"
"Push: reinforcement waves the defenders get for each objective.","","Match rules"
"Defender wave trigger","","Match rules"
"Push: share of defenders that must be dead before a wave can be called.","","Match rules"
"Defender wave timer","","Match rules"
"Push: seconds between defender waves.","","Match rules"
"Last stand setup delay","","Match rules"
"Push: seconds before the last stand starts.","","Match rules"
"Advance attacker spawns","","Match rules"
"Push: seconds before attacker spawns move up after a capture.","","Match rules"
"Reinforcement waves","","Match rules"
"Skirmish: waves each team starts with.","","Match rules"
"Bonus waves per capture","","Match rules"
"Skirmish: waves gained for capturing an objective.","","Match rules"
"Wave timer","","Match rules"
"Skirmish: seconds between reinforcement waves.","","Match rules"
"Last stand drain rate","","Match rules"
"Frontline: how fast the losing side drains in last stand.","","Match rules"
"Last stand spawn lockout","","Match rules"
"Frontline: seconds before spawns close in last stand.","","Match rules"
"Spawn regress timer","","Match rules"
"Frontline: seconds before spawns fall back.","","Match rules"
"Number of waves","","Match rules"
"Outpost and Survival: waves you must survive.","","Match rules"
"Special waves","","Match rules"
"Include special enemy waves (bombers, heavies).","","Match rules"
"Special wave frequency","","Match rules"
"Every Nth wave is a special wave.","","Match rules"
"Supply per survived wave","","Match rules"
"Outpost: supply points earned for surviving a wave.","","Match rules"
"Enemy growth per wave (min)","","Match rules"
"Outpost: extra enemies added per completed wave (low players).","","Match rules"
"Enemy growth per wave (max)","","Match rules"
"Outpost: extra enemies added per completed wave (full server).","","Match rules"
"Enemy growth per objective (min)","","Match rules"
"Survival: extra enemies per completed objective (low players).","","Match rules"
"Enemy growth per objective (max)","","Match rules"
"Survival: extra enemies per completed objective (full server).","","Match rules"
"Enemy spawn delay","","Match rules"
"Survival: seconds between enemy spawn groups.","","Match rules"
"Enemy respawn delay","","Match rules"
"Survival: seconds before a dead enemy respawns.","","Match rules"
"Enemy respawn distance","","Match rules"
"Survival: minimum distance of enemy respawns (cm).","","Match rules"
"Enemy spawn range (min)","","Match rules"
"Survival: closest enemy spawn distance (cm).","","Match rules"
"Enemy spawn range (max)","","Match rules"
"Survival: farthest enemy spawn distance (cm).","","Match rules"
"Enemy flee duration","","Match rules"
"Survival: seconds enemies flee before regrouping.","","Match rules"
"Enemy reposition delay","","Match rules"
"Survival: seconds between enemy repositioning.","","Match rules"
"Enemy respawn rate (first wave)","","Match rules"
"Share of enemies respawning early in a wave.","","Match rules"
"Enemy respawn rate (final wave)","","Match rules"
"Share of enemies respawning in the final wave.","","Match rules"
"Stop enemy respawns at","","Match rules"
"Outpost: seconds left on the clock when enemy respawns stop.","","Match rules"
"Enemy fire support per wave","","Match rules"
"Outpost: artillery calls enemies may use per wave.","","Match rules"
"Enemy fire support in final wave","","Match rules"
"Outpost: artillery calls in the final wave.","","Match rules"
"Enemy fire support cooldown","","Match rules"
"Outpost: seconds between enemy artillery calls.","","Match rules"
"Final wave fire support cooldown","","Match rules"
"Outpost: artillery cooldown during the final wave.","","Match rules"
"No fire support after","","Match rules"
"Outpost: no artillery with fewer seconds than this left.","","Match rules"
"No final-wave fire support after","","Match rules"
"Outpost: same limit for the final wave.","","Match rules"
"Respawning","","Match rules"
"Respawn delay","","Match rules"
"Checkpoint: seconds before your team respawns.","","Match rules"
"Team respawn trigger","","Match rules"
"Checkpoint: share of the team that must be dead before a respawn.","","Match rules"
"Respawn on capture","","Match rules"
"Dead teammates respawn when an objective is captured.","","Match rules"
"Capture respawn grace","","Match rules"
"Seconds after a capture during which dead players respawn.","","Match rules"
"Spawn point cooldown","","Match rules"
"Seconds before a spawn point can be reused.","","Match rules"
"Spawn protection","","Match rules"
"Seconds of spawn protection.","","Match rules"
"Spawn protection move grace","","Match rules"
"Seconds you can move before spawn protection drops.","","Match rules"
"Reset loadout each round","","Match rules"
"Loadouts reset when a new round starts.","","Match rules"
"Respawn with basic kit","","Match rules"
"Hardcore: respawn without your previous weapons.","","Match rules"
"Supply & loadout","","Match rules"
"Starting supply points","","Match rules"
"Supply points to spend on your loadout (the supply mutators change this).","","Match rules"
"Maximum supply points","","Match rules"
"Highest supply you can reach.","","Match rules"
"Earn supply from score","","Match rules"
"Gain supply points as you score (Soldier of Fortune style).","","Match rules"
"Score per supply point","","Match rules"
"Score needed to earn one extra supply point.","","Match rules"
"Instant supply awards","","Match rules"
"Earned supply is usable immediately instead of next respawn.","","Match rules"
"Ammo crate chance","","Match rules"
"Hardcore: chance an ammo crate spawns at an objective.","","Match rules"
"Ammo crates per objective (min)","","Match rules"
"Hardcore: fewest ammo crates per objective.","","Match rules"
"Ammo crates per objective (max)","","Match rules"
"Hardcore: most ammo crates per objective.","","Match rules"
"First objective with a crate","","Match rules"
"Hardcore: earliest objective that gets a supply crate.","","Match rules"
"Last objective with a crate","","Match rules"
"Hardcore: latest objective that gets a supply crate.","","Match rules"
"Class level restrictions","","Match rules"
"Lock classes behind player level.","","Match rules"
"Dropped weapon lifespan","","Match rules"
"Seconds dropped weapons stay on the ground.","","Match rules"
"Friendly fire","","Match rules"
"Your shots can hurt teammates.","","Match rules"
"Friendly fire damage","","Match rules"
"Share of damage dealt to teammates.","","Match rules"
"Reflect friendly fire","","Match rules"
"Share of team damage reflected back to the shooter.","","Match rules"
"Force reflection","","Match rules"
"Always reflect team damage once the threshold is passed.","","Match rules"
"Reflection threshold","","Match rules"
"Team damage dealt before reflection kicks in.","","Match rules"
"Team kill limit","","Match rules"
"Team kills before a player is kicked.","","Match rules"
"Team kill grace","","Match rules"
"Grace factor for accidental team kills.","","Match rules"
"Team kill forgiveness time","","Match rules"
"Seconds before a team kill is forgiven.","","Match rules"
"Teams & players","","Match rules"
"Players needed to start","","Match rules"
"Humans needed before the match starts.","","Match rules"
"Players needed to continue","","Match rules"
"Humans needed to keep the match running.","","Match rules"
"Auto-assign teams","","Match rules"
"Put players on a team automatically.","","Match rules"
"Allow team select","","Match rules"
"Players may choose their team.","","Match rules"
"Auto-balance teams","","Match rules"
"Move players to keep teams even.","","Match rules"
"Auto-balance delay","","Match rules"
"Seconds before teams are re-balanced.","","Match rules"
"Allow unbalanced teams","","Match rules"
"Teams may be uneven.","","Match rules"
"Auto-assign class","","Match rules"
"Skip class selection and assign one automatically.","","Match rules"
"Idle kick time","","Match rules"
"Seconds idle before being kicked.","","Match rules"
"Disable vehicles","","Match rules"
"Remove vehicles from the match.","","Match rules"
"Vehicle insertion","","Match rules"
"Co-op: arrive by vehicle at the start of the round.","","Match rules"
"Arcade presentation","","Match rules"
"Use arcade mode naming and rules text.","","Match rules"
"Kill feed","","Match rules"
"Show the kill feed.","","Match rules"
"Kill feed for spectators","","Match rules"
"Spectators see the kill feed.","","Match rules"
"Killer info","","Match rules"
"Show who killed you.","","Match rules"
"Killer distance","","Match rules"
"Show how far away your killer was.","","Match rules"
"Death camera","","Match rules"
"Show the death camera after you die.","","Match rules"
"Third-person spectating","","Match rules"
"Spectate teammates in third person.","","Match rules"
"In-game hints","","Match rules"
"Show gameplay tips during the match.","","Match rules"
"Voice & chat","","Match rules"
"Dead can chat to all","","Match rules"
"Dead players can use all-chat.","","Match rules"
"Dead can chat to team","","Match rules"
"Dead players can use team chat.","","Match rules"
"Dead voice chat","","Match rules"
"Dead players can talk to the living.","","Match rules"
"Enemies hear local voice","","Match rules"
"Enemies nearby hear your local voice chat.","","Match rules"
"Voice between rounds","","Match rules"
"Everyone can talk between rounds.","","Match rules"
"Radio heard locally","","Match rules"
"Radio chatter is also heard in local voice.","","Match rules"
"Competitive Firefight","","Official playlists"
"Five versus five high-stakes tactical engagements. Capture and defend all objectives. You only respawn when your team captures an objective.","","Official playlists"
"Competitive Firefight (2x XP Boost)","","Official playlists"
"Big Money","","Official playlists"
"Capture and destroy objectives one at a time as you move through the area. Get supply points as your score increases.","","Official playlists"
"Bolt-action Only","","Official playlists"
"Capture and destroy objectives one at a time as you move through the area using bolt-action weapons.","","Official playlists"
"Cycle That Thing (No Drop Remix)","","Official playlists"
"Dance to the beat of the bolt-action. Scavenging weapons off enemies is not allowed.","","Official playlists"
"Chad Team 6","","Official playlists"
"Who you call when the alphas in alpha squad aren't cutting it. Fight more enemies with more supply.","","Official playlists"
"Chad Team666","","Official playlists"
"Fully loaded and undead. Your squad of vampiric special forces takes on waves of zombified enemies in this high-intensity checkpoint mode. Operate under cover of darkness against overwhelming opposition.","","Official playlists"
"Capture and destroy objectives one at a time as you move through the area.","","Official playlists"
"Frenzy","","Official playlists"
"Fight fast enemies who only attack with melee and Molotovs. Watch out for special enemies.","","Official playlists"
"Brain ‘em Frenzy","","Official playlists"
"Fight fast enemies who only attack with melee and Molotovs. Bullets can only deal damage to the head.","","Official playlists"
"Hillside Only Frenzy","","Official playlists"
"Capture and destroy objectives one at a time as you progress through the map on Hillside, a classic level from Insurgency 2014, in Frenzy Checkpoint.","","Official playlists"
"Fight elite enemies with a limited HUD, limited equipment, and slower movement speed.","","Official playlists"
"Hillside Only Hardcore","","Official playlists"
"Capture and destroy objectives one at a time as you progress through the map on Hillside, a classic level from Insurgency 2014, in Hardcore Checkpoint.","","Official playlists"
"Hillside Co-op","","Official playlists"
"Capture and destroy objectives one at a time as you move through the area on snowy mountain map Hillside.","","Official playlists"
"Double Hardcore","","Official playlists"
"Hardcore, but everyone dies in one shot.","","Official playlists"
"Guerrillas","","Official playlists"
"Capture and destroy objectives one at a time as you move through the area. Make do with fewer supply points.","","Official playlists"
"Hardcore Lite","","Official playlists"
"Hardcore, but fewer calories. Experience Checkpoint mode with slower more tactical movement.","","Official playlists"
"Hot Potato","","Official playlists"
"Enemies drop grenades on death. Get a headshot to prevent their grenade from dropping.","","Official playlists"
"Hot Potato Frenzy","","Official playlists"
"Fight fast enemies who only attack with melee and Molotovs. Everyone who dies drops a live grenade.","","Official playlists"
"LMGOnly","","Official playlists"
"Capture and destroy objectives one at a time as you move through the area using light machine guns.","","Official playlists"
"Makattack","","Official playlists"
"Start with a Makarov. Scavenge weapons from the enemy, and tap Use at supply crates to grab ammo.","","Official playlists"
"Hold your ground against waves of enemies. Gain supply points after each wave.","","Official playlists"
"Budget Antiquing","","Official playlists"
"Hold off the hordes with guns from the back of the closet.","","Official playlists"
"New Outpost Maps","","Official playlists"
"New support for Outpost mode on Tideway, Hideout, and Farmhouse maps.","","Official playlists"
"Updated Outpost Maps","","Official playlists"
"Improved Tell, Crossing, Ministry, and Hillside maps with better AI spawns and objective layouts.","","Official playlists"
"New support for Outpost mode on Summit, Precinct, and Refinery maps.","","Official playlists"
"Pistols in Arms","","Official playlists"
"Capture and destroy objectives one at a time as you move through the area using pistols.","","Official playlists"
"Quadruple Hardcore","","Official playlists"
"Triple Hardcore, and then some.","","Official playlists"
"Running in the 90s","","Official playlists"
"Move fast, soak hits, don’t aim, and experience Sandstorm co-op with a late 90s FPS twist.","","Official playlists"
"Stay on the move and survive until extraction. Secure objective locations stashed with random weapons.","","Official playlists"
"Task Force 666","","Official playlists"
"Fight the Frenzied as a tactical team of special forces vampires.","","Official playlists"
"Triple Hardcore","","Official playlists"
"Hardcore, but everyone dies in one shot and you need to earn all your supply points.","","Official playlists"
"New Map: Bab","","Official playlists"
"Hilly rural combat in a rugged snowy environment in Checkpoint and Outpost modes.","","Official playlists"
"New Map: Bab Hardcore","","Official playlists"
"Hilly rural combat in a rugged snowy environment in Hardcore Checkpoint mode.","","Official playlists"
"Hilly rural combat in a rugged snowy environment in various Versus modes.","","Official playlists"
"New Map: Citadel","","Official playlists"
"Fight through an ancient structure and abandoned museum in Checkpoint, Outpost, and Survival modes.","","Official playlists"
"Fight through an ancient structure and abandoned museum in various Versus modes.","","Official playlists"
"Community Test","","Official playlists"
"Help test new features and levels with other members of the community.","","Official playlists"
"New Map: Forest","","Official playlists"
"Fight through an airbase in the heart of a dense forest in various Coop modes.","","Official playlists"
"Fight through an airbase in the heart of a dense forest in various Versus modes.","","Official playlists"
"New Map: Gap","","Official playlists"
"Fight through a luxury hotel halls and impovrished slums in Checkpoint, Outpost, and Survival.","","Official playlists"
"Fight through a luxury hotel halls and impovrished slums in Push, Firefight, Domination, and our new Ambush mode.","","Official playlists"
"New Map: Hold","","Official playlists"
"Fight through the ravaged floors of a besieged police station and its surrounding area in various Coop modes.","","Official playlists"
"Fight through the ravaged floors of a besieged police station and its surrounding area in various Versus modes.","","Official playlists"
"New Map: Last Light","","Official playlists"
"Fight through the narrow streets of a coastal town in various Coop modes.","","Official playlists"
"Fight through the narrow streets of a coastal town in various Versus modes.","","Official playlists"
"New Ambush Scenarios","","Official playlists"
"Ambush mode on various maps","","Official playlists"
"New Domination Scenarios","","Official playlists"
"Domination mode on Precinct, Refinery, Outskirts, and Summit.","","Official playlists"
"Night Maps Normal","","Official playlists"
"Night versions of all levels in Normal co-op.","","Official playlists"
"Night Maps Frenzy","","Official playlists"
"Night versions of all levels in Frenzy co-op.","","Official playlists"
"Night Maps Hardcore","","Official playlists"
"Night versions of all levels in Hardcore co-op.","","Official playlists"
"New Map: Power Plant Normal","","Official playlists"
"Green vegetation and industrial themed map in Normal co-op.","","Official playlists"
"New Map: Power Plant Frenzy","","Official playlists"
"New green vegetation and industrial themed map in Frenzy co-op.","","Official playlists"
"New Map: Power Plant Hardcore","","Official playlists"
"New green vegetation and industrial themed map in Hardcore co-op.","","Official playlists"
"New Map: Power Plant","","Official playlists"
"Green vegetation and industrial themed map on Push, Firefight, and Domination modes.","","Official playlists"
"New Map: Prison","","Official playlists"
"Fight through prison bars and constraining hallways in various Coop modes","","Official playlists"
"Fight through prison bars and constraining hallways in various Versus modes","","Official playlists"
"New Map: Tell","","Official playlists"
"Tight urban CQB reimagining of a classic Insurgency 2014 map in normal co-op.","","Official playlists"
"New Map: Tell Frenzy","","Official playlists"
"Tight urban CQB reimagining of a classic Insurgency 2014 map in Frenzy co-op.","","Official playlists"
"New Map: Tell Hardcore","","Official playlists"
"Tight urban CQB reimagining of a classic Insurgency 2014 map on Hardcore Checkpoint.","","Official playlists"
"Tight urban CQB reimagining of a classic Insurgency 2014 map on various Versus modes.","","Official playlists"
"New Map: Tideway Normal","","Official playlists"
"Reimagining of desert level Buhriz from Insurgency 2014 in Normal co-op.","","Official playlists"
"New Map: Tideway Frenzy","","Official playlists"
"Reimagining of desert level Buhriz from Insurgency 2014 in Frenzy co-op.","","Official playlists"
"New Map: Tideway Hardcore","","Official playlists"
"Reimagining of desert level Buhriz from Insurgency 2014 in Hardcore co-op.","","Official playlists"
"New Map: Tideway","","Official playlists"
"Reimagining of desert level Buhriz from Insurgency 2014 on various Versus modes.","","Official playlists"
"New Map: Trainyard","","Official playlists"
"Fight through an abandoned trainyard in the middle of the desert in various Coop modes.","","Official playlists"
"Fight through an abandoned trainyard in the middle of the desert in various Versus modes.","","Official playlists"
"Single-life elimination. The extracting team needs to escort the VIP to an objective. The ambushing team needs to eliminate the VIP.","","Official playlists"
"Ground Battle","","Official playlists"
"Attack or defend the line. Take one objective at a time.","","Official playlists"
"AMR Ground Battle","","Official playlists"
"Attack or defend the line. Take one objective at a time using anti-materiel rifles.","","Official playlists"
"Bolt-action Ground Battle","","Official playlists"
"Attack or defend the line. Take one objective at a time using bolt-action weapons.","","Official playlists"
"Hardcore Ground Battle","","Official playlists"
"Attack or defend the line with slower movement speed and slower capture speed. Take one objective at a time.","","Official playlists"
"Hillside Ground Battle","","Official playlists"
"Attack or defend the line and take one objective at a time on snowy mountain map Hillside.","","Official playlists"
"Night Battle","","Official playlists"
"Take territory and eliminate the enemy under the moonlight. Don't forget your night equipment.","","Official playlists"
"Big Money Domination","","Official playlists"
"Start with low supply, and gain more as your score increases. Objective captures give the most supply.","","Official playlists"
"Big Money TDM","","Official playlists"
"Kill the enemy more than they kill you with whatever weapons you like. Earn supply points as your score increases.","","Official playlists"
"Brain 'em","","Official playlists"
"Only headshots, knives, and explosives will kill. Learn to juke and protect your dome.","","Official playlists"
"Brain ‘em Point Capture","","Official playlists"
"Secure the area. Take all objectives and hold them. Bullets can only deal damage to the head.","","Official playlists"
"Contact","","Official playlists"
"Secure the area. Take all objectives and hold them.","","Official playlists"
"Danger Close","","Official playlists"
"Get in close, but be careful. Corpses explode.","","Official playlists"
"Insurgents must destroy all the objectives by planting timed explosives. Security must defend the objectives and defuse planted explosives until the time runs out. Spawns are unlimited.","","Official playlists"
"Defusal Mode","","Official playlists"
"Capture and hold all objectives. You will gain more score the more objectives your team owns.","","Official playlists"
"High-stakes tactical engagements. Capture and defend all objectives. You only respawn when your team captures an objective.","","Official playlists"
"Golden Gun Firefight","","Official playlists"
"Capture all objectives or eliminate all enemy players to win using pistols that kill in one shot.","","Official playlists"
"Firefight (2x XP Boost)","","Official playlists"
"FreeForAllRule1","","Official playlists"
"Move the line forward, reach the enemy weapon cache, and destroy it. Don’t let the enemy get to yours. Player waves will slowly drain while their cache is exposed.","","Official playlists"
"Gang War Push","","Official playlists"
"Pistol wielding attackers advance through the map while defending pistol people try to stop them.","","Official playlists"
"Gunslingers TDM","","Official playlists"
"Kill the enemy more than they kill you with a big stinkin' revolver. And explosives.","","Official playlists"
"Makattack 2: True Mak","","Official playlists"
"Use your Makarov, knife, and explosives to capture and hold all objectives.","","Official playlists"
"Point Capture","","Official playlists"
"Guerrilla Point Capture","","Official playlists"
"Secure the area. Take all objectives and hold them. Make do with fewer supply points.","","Official playlists"
"Hillside Point Capture","","Official playlists"
"Secure the area. Take all objectives and hold them on snowy mountain map Hillside.","","Official playlists"
"Pump It Point Capture","","Official playlists"
"Secure the area. Take all objectives and hold them using shotguns.","","Official playlists"
"Fast high-intensity conflict. Fight for one objective at a time. Attackers advance through the map while defenders try to stop them.","","Official playlists"
"Capture all enemy objectives and destroy the enemy weapon cache objective to win.","","Official playlists"
"Skirmish (2x XP Boost)","","Official playlists"
"Open combat with drivable vehicles. Capture and defend all objectives.","","Official playlists"
"Kill the enemy more than they kill you with whatever weapons you like.","","Official playlists"
"Arms Race","","Official playlists"
"Vampire TDM","","Official playlists"
"Kill the enemy more than they kill you with whatever weapons you like. Steal health when you deal damage.","","Official playlists"
"Welrods!","","Official playlists"
"Fight with a bolt-action Welrod pistol.","","Official playlists"
"Frenzy Checkpoint","","Official rulesets"
"Frenzy enemy squads come from the Frenzy mutator, which this preset enables.","","Official rulesets"
"Competitive Theater","","Official rulesets"
"Movement speed x0.60 and hardcore animations come from the Hardcore mutator.","","Official rulesets"
"Matchmaking Casual","","Official rulesets"
"Official Rules","","Official rulesets"
